"LocationID","Borough","Zone","service_zone"
"4","Manhattan","Alphabet City","Yellow Zone"
"12","Manhattan","Battery Park","Yellow Zone"
"13","Manhattan","Battery Park City","Yellow Zone"
"24","Manhattan","Bloomingdale","Yellow Zone"
"42","Manhattan","Central Harlem North","Boro Zone"
"48","Manhattan","Clinton East","Yellow Zone"
"68","Manhattan","East Chelsea","Yellow Zone"
"74","Manhattan","East Harlem North","Boro Zone"
"75","Manhattan","East Harlem South","Boro Zone"
"87","Manhattan","Financial District North","Yellow Zone"
"100","Manhattan","Garment District","Yellow Zone"
"107","Manhattan","Gramercy","Yellow Zone"
"132","Queens","JFK Airport","Airports"
"138","Queens","LaGuardia Airport","Airports"
"141","Manhattan","Lenox Hill West","Yellow Zone"
"142","Manhattan","Lincoln Square East","Yellow Zone"
"143","Manhattan","Lincoln Square West","Yellow Zone"
"145","Queens","Long Island City/Hunters Point","Boro Zone"
"151","Manhattan","Manhattan Valley","Yellow Zone"
"161","Manhattan","Midtown Center","Yellow Zone"
"163","Manhattan","Midtown North","Yellow Zone"
"164","Manhattan","Midtown South","Yellow Zone"
"166","Manhattan","Morningside Heights","Boro Zone"
"170","Manhattan","Murray Hill","Yellow Zone"
"186","Manhattan","Penn Station/Madison Sq West","Yellow Zone"
"211","Manhattan","SoHo","Yellow Zone"
"223","Queens","Steinway","Boro Zone"
"230","Manhattan","Times Sq/Theatre District","Yellow Zone"
"233","Manhattan","UN/Turtle Bay South","Yellow Zone"
"234","Manhattan","Union Sq","Yellow Zone"
"236","Manhattan","Upper East Side North","Yellow Zone"
"244","Manhattan","Washington Heights South","Boro Zone"
"264","Unknown","N/A","N/A"
