VendorID,tpep_pickup_datetime,tpep_dropoff_datetime,passenger_count,trip_distance,RatecodeID,store_and_fwd_flag,PULocationID,DOLocationID,payment_type,fare_amount,extra,mta_tax,tip_amount,tolls_amount,improvement_surcharge,total_amount,congestion_surcharge,Airport_fee
2,2002-12-31 22:59:39,2002-12-31 23:05:41,1,0.63,1,N,170,170,3,-6.5,0.0,-0.5,0.0,0.0,-1.0,-10.5,-2.5,0.0
2,2024-01-01 00:00:58,2024-01-01 00:27:23,,6.0,,,74,164,0,33.93,0.0,0.5,9.48,0.0,1.0,47.41,,
2,2024-01-01 00:03:31,2024-01-01 00:04:29,1,0.0,5,N,264,264,1,100.0,0.0,0.0,0.0,0.0,1.0,101.0,0.0,0.0
1,2024-01-01 00:14:29,2024-01-01 00:14:29,1,0.0,1,N,236,264,2,3.0,3.5,0.5,0.0,0.0,1.0,8.0,2.5,0.0
1,2024-01-01 00:26:02,2024-01-01 00:26:21,1,2.3,1,N,42,42,1,3.0,1.0,0.5,10.0,0.0,1.0,15.5,0.0,0.0
1,2024-01-15 00:00:00,2024-01-15 00:17:59,,0.0,,,234,143,0,22.14,0.0,0.5,0.0,0.0,1.0,26.14,,
2,2024-01-15 01:00:02,2024-01-15 01:34:06,1,18.7,2,N,132,166,1,70.0,0.0,0.5,15.69,6.94,1.0,94.13,0.0,0.0
2,2024-01-15 02:00:03,2024-01-15 02:05:55,1,1.29,1,N,186,230,2,8.6,1.0,0.5,0.0,0.0,1.0,13.6,2.5,0.0
2,2024-01-15 03:00:00,2024-01-15 03:18:15,1,4.86,1,N,163,223,1,23.3,1.0,0.5,5.66,0.0,1.0,33.96,2.5,0.0
2,2024-01-15 04:00:04,2024-01-15 04:12:25,,5.92,,,244,151,0,24.33,0.0,0.5,5.67,0.0,1.0,34.0,,
2,2024-01-15 05:00:28,2024-01-15 05:26:55,1,13.75,1,N,87,138,1,54.1,6.0,0.5,3.4,0.0,1.0,70.0,2.5,0.0
1,2024-01-15 06:00:12,2024-01-15 06:32:46,1,18.3,2,N,132,186,1,70.0,4.25,0.5,10.0,6.94,1.0,92.69,2.5,1.75
1,2024-01-15 07:00:02,2024-01-15 07:29:45,1,25.4,2,N,13,132,1,70.0,2.5,0.5,16.15,6.94,1.0,97.09,2.5,0.0
2,2024-01-15 08:00:01,2024-01-15 08:02:16,1,0.76,1,N,170,233,1,5.1,0.0,0.5,2.27,0.0,1.0,11.37,2.5,0.0
2,2024-01-15 09:00:00,2024-01-15 09:20:29,3,5.25,1,N,230,12,2,26.8,0.0,0.5,0.0,0.0,1.0,30.8,2.5,0.0
2,2024-01-15 10:00:00,2024-01-15 10:12:00,,2.04,,,143,161,0,13.33,0.0,0.5,1.73,0.0,1.0,19.06,,
2,2024-01-15 11:00:02,2024-01-15 11:46:05,1,17.75,2,N,230,132,1,70.0,0.0,0.5,14.8,0.0,1.0,88.8,2.5,0.0
2,2024-01-15 12:00:02,2024-01-15 12:07:35,1,1.12,1,N,236,75,1,9.3,0.0,0.5,1.0,0.0,1.0,14.3,2.5,0.0
2,2024-01-15 13:00:01,2024-01-15 13:10:47,1,0.81,1,N,170,186,1,10.7,0.0,0.5,2.44,0.0,1.0,14.64,0.0,0.0
2,2024-01-15 14:00:00,2024-01-15 14:06:00,,0.86,,,161,170,0,11.74,0.0,0.5,1.0,0.0,1.0,16.74,,
1,2024-01-15 15:00:00,2024-01-15 15:18:21,,0.0,,,4,100,0,24.12,0.0,0.5,0.0,0.0,1.0,28.12,,
2,2024-01-15 16:00:00,2024-01-15 16:54:00,,20.63,,,142,132,0,84.13,0.0,0.5,2.0,6.94,1.0,97.07,,
1,2024-01-15 17:00:00,2024-01-15 17:13:44,1,2.6,1,N,211,186,1,14.9,2.5,0.5,5.0,0.0,1.0,23.9,2.5,0.0
2,2024-01-15 18:00:00,2024-01-15 18:51:46,2,19.94,2,N,132,24,1,70.0,0.0,0.5,15.69,6.94,1.0,95.88,0.0,1.75
2,2024-01-15 19:00:02,2024-01-15 19:38:27,1,4.68,1,N,142,145,1,33.8,0.0,0.5,7.56,0.0,1.0,45.36,2.5,0.0
1,2024-01-15 20:00:01,2024-01-15 20:04:21,1,0.4,1,N,68,68,1,5.8,2.5,0.5,0.98,0.0,1.0,10.78,2.5,0.0
2,2024-01-15 21:00:00,2024-01-15 21:13:00,,3.78,,,107,75,0,21.92,0.0,0.5,6.48,0.0,1.0,32.4,,
1,2024-01-15 22:00:00,2024-01-15 22:08:33,1,1.3,1,N,48,141,1,8.6,3.5,0.5,2.7,0.0,1.0,16.3,2.5,0.0
2,2024-01-15 23:00:00,2024-01-15 23:07:09,3,1.4,1,N,234,163,1,9.3,1.0,0.5,2.86,0.0,1.0,17.16,2.5,0.0
