date_key,trip_date,day_of_week,day_name,is_weekend
20240101,2024-01-01,2,Mon,0
20240102,2024-01-02,3,Tue,0
20240103,2024-01-03,4,Wed,0
20240104,2024-01-04,5,Thu,0
20240105,2024-01-05,6,Fri,0
20240106,2024-01-06,7,Sat,1
20240107,2024-01-07,1,Sun,1
20240108,2024-01-08,2,Mon,0
20240109,2024-01-09,3,Tue,0
20240110,2024-01-10,4,Wed,0
20240111,2024-01-11,5,Thu,0
20240112,2024-01-12,6,Fri,0
20240113,2024-01-13,7,Sat,1
20240114,2024-01-14,1,Sun,1
20240115,2024-01-15,2,Mon,0
20240116,2024-01-16,3,Tue,0
20240117,2024-01-17,4,Wed,0
20240118,2024-01-18,5,Thu,0
20240119,2024-01-19,6,Fri,0
20240120,2024-01-20,7,Sat,1
20240121,2024-01-21,1,Sun,1
20240122,2024-01-22,2,Mon,0
20240123,2024-01-23,3,Tue,0
20240124,2024-01-24,4,Wed,0
20240125,2024-01-25,5,Thu,0
20240126,2024-01-26,6,Fri,0
20240127,2024-01-27,7,Sat,1
20240128,2024-01-28,1,Sun,1
20240129,2024-01-29,2,Mon,0
20240130,2024-01-30,3,Tue,0
20240131,2024-01-31,4,Wed,0
