date_key,pickup_hour,pickup_ts,dropoff_ts,pu_location_id,do_location_id,vendor_id,ratecode_id,payment_type,passenger_count,trip_distance,duration_min,fare_amount,extra,mta_tax,tip_amount,tolls_amount,improvement_surcharge,congestion_surcharge,airport_fee,total_amount,dq_unknown_payment
20240115,8,2024-01-15T08:00:01,2024-01-15T08:02:16,170,233,2,1,1,1,0.76,2.25,5.1,0.0,0.5,2.27,0.0,1.0,2.5,0.0,11.37,0
20240115,8,2024-01-15T08:00:03,2024-01-15T08:13:01,262,164,1,1,1,1,3.3,12.97,16.3,2.5,0.5,2.0,0.0,1.0,2.5,0.0,22.3,0
20240115,8,2024-01-15T08:00:05,2024-01-15T08:05:16,48,68,1,1,2,1,1.6,5.18,8.6,2.5,0.5,0.0,0.0,1.0,2.5,0.0,12.6,0
20240115,8,2024-01-15T08:00:09,2024-01-15T08:08:30,48,246,1,1,1,1,0.7,8.35,8.6,2.5,0.5,2.5,0.0,1.0,2.5,0.0,15.1,0
20240115,8,2024-01-15T08:00:09,2024-01-15T08:35:31,132,166,1,2,1,1,19.6,35.37,70.0,1.75,0.5,16.0,6.94,1.0,0.0,1.75,96.19,0
20240115,8,2024-01-15T08:00:10,2024-01-15T08:09:21,50,164,2,1,1,1,1.78,9.18,11.4,0.0,0.5,4.62,0.0,1.0,2.5,0.0,20.02,0
20240115,8,2024-01-15T08:00:13,2024-01-15T08:08:50,163,246,2,1,1,1,1.49,8.62,10.0,0.0,0.5,2.8,0.0,1.0,2.5,0.0,16.8,0
20240115,8,2024-01-15T08:00:16,2024-01-15T08:01:58,141,141,2,1,1,1,0.6,1.7,5.1,0.0,0.5,1.5,0.0,1.0,2.5,0.0,10.6,0
20240115,8,2024-01-15T08:00:16,2024-01-15T08:07:30,234,161,2,1,1,1,1.75,7.23,10.0,0.0,0.5,2.8,0.0,1.0,2.5,0.0,16.8,0
20240115,8,2024-01-15T08:00:16,2024-01-15T08:10:06,68,142,1,1,1,3,1.8,9.83,11.4,2.5,0.5,3.05,0.0,1.0,2.5,0.0,18.45,0
20240115,8,2024-01-15T08:00:19,2024-01-15T08:06:47,48,164,1,1,1,1,0.9,6.47,7.9,2.5,0.5,0.0,0.0,1.0,2.5,0.0,11.9,0
20240115,8,2024-01-15T08:00:19,2024-01-15T08:15:15,132,53,2,1,2,1,11.33,14.93,42.9,0.0,0.5,0.0,0.0,1.0,0.0,1.75,46.15,0
20240115,8,2024-01-15T08:00:20,2024-01-15T08:12:33,163,246,2,1,1,1,2.05,12.22,13.5,0.0,0.5,3.5,0.0,1.0,2.5,0.0,21.0,0
20240115,8,2024-01-15T08:00:20,2024-01-15T08:21:22,263,68,2,1,1,1,4.54,21.03,24.0,0.0,0.5,5.04,0.0,1.0,2.5,0.0,33.04,0
20240115,8,2024-01-15T08:00:21,2024-01-15T08:03:10,246,246,2,1,1,1,0.42,2.82,5.1,0.0,0.5,1.0,0.0,1.0,2.5,0.0,10.1,0
20240115,8,2024-01-15T08:00:21,2024-01-15T08:08:25,230,246,2,1,1,1,1.34,8.07,10.0,0.0,0.5,2.8,0.0,1.0,2.5,0.0,16.8,0
20240115,8,2024-01-15T08:00:23,2024-01-15T08:04:33,161,237,2,1,1,1,0.78,4.17,6.5,0.0,0.5,2.1,0.0,1.0,2.5,0.0,12.6,0
20240115,8,2024-01-15T08:00:24,2024-01-15T08:21:53,230,138,2,1,1,2,11.82,21.48,46.4,5.0,0.5,12.47,6.94,1.0,2.5,0.0,74.81,0
20240115,8,2024-01-15T08:00:25,2024-01-15T08:07:44,230,68,2,1,1,1,2.13,7.32,10.7,0.0,0.5,2.94,0.0,1.0,2.5,0.0,17.64,0
20240115,8,2024-01-15T08:00:25,2024-01-15T08:20:31,186,138,2,1,1,2,10.08,20.1,40.1,5.0,0.5,11.21,6.94,1.0,2.5,0.0,67.25,0
20240115,8,2024-01-15T08:00:27,2024-01-15T08:03:43,141,43,2,1,1,1,0.7,3.27,5.8,0.0,0.5,1.8,0.0,1.0,2.5,0.0,11.6,0
20240115,8,2024-01-15T08:00:28,2024-01-15T08:32:31,170,132,2,2,1,1,19.62,32.05,70.0,0.0,0.5,24.28,6.94,1.0,2.5,0.0,105.22,0
20240115,8,2024-01-15T08:00:30,2024-01-15T08:11:42,143,236,2,1,2,1,2.71,11.2,14.9,0.0,0.5,0.0,0.0,1.0,2.5,0.0,18.9,0
20240115,8,2024-01-15T08:00:34,2024-01-15T08:27:46,162,186,1,1,2,1,2.8,27.2,12.1,2.5,0.5,0.0,0.0,1.0,2.5,0.0,16.1,0
20240115,8,2024-01-15T08:00:35,2024-01-15T08:25:05,100,138,2,1,1,1,11.57,24.5,45.7,5.0,0.5,15.41,6.94,1.0,2.5,0.0,77.05,0
20240115,8,2024-01-15T08:00:36,2024-01-15T08:23:23,230,138,2,99,0,,10.79,22.78,27.56,0.0,0.5,9.7,6.94,1.0,,,48.2,1
20240115,8,2024-01-15T08:00:37,2024-01-15T08:34:46,132,188,2,1,1,1,16.31,34.15,63.9,0.0,0.5,13.08,0.0,1.0,0.0,1.75,80.23,0
20240115,8,2024-01-15T08:00:38,2024-01-15T08:04:47,107,170,1,1,1,0,0.9,4.15,7.2,2.5,0.5,2.2,0.0,1.0,2.5,0.0,13.4,0
20240115,8,2024-01-15T08:00:39,2024-01-15T08:06:44,249,230,2,1,2,2,2.01,6.08,10.7,0.0,0.5,0.0,0.0,1.0,2.5,0.0,14.7,0
20240115,8,2024-01-15T08:00:39,2024-01-15T08:07:13,100,246,2,1,1,1,0.74,6.57,7.9,0.0,0.5,1.19,0.0,1.0,2.5,0.0,13.09,0
